<?xml version="1.0" encoding="utf-8" standalone="yes"?>
<parameters>
	<version>1.0</version>
	<SystemParameters>
		<Parameter>
			<Name>max_charge</Name>
			<Value>3</Value>
		</Parameter>
		<Parameter>
			<Name>min_charge</Name>
			<Value>1</Value>
		</Parameter>
		<Parameter>
			<Name>island_space</Name>
			<Value>1.1</Value>
		</Parameter>
		<Parameter>
			<Name>intensity_variance</Name>
			<Value>0.2</Value>
		</Parameter>
		<Parameter>
			<Name>mode</Name>
			<Value>-1</Value>
		</Parameter>
		<Parameter>
			<Name>island_space</Name>
			<Value>1.1</Value>
		</Parameter>
		<Parameter>
			<Name>electron_mass</Name>
			<Value>0.000549</Value>
		</Parameter>
		<Parameter>
			<Name>internal_accuracy</Name>
			<Value>1</Value>
		</Parameter>
		<Parameter>
			<Name>external_accuracy</Name>
			<Value>5</Value>
		</Parameter>
		<Parameter>
			<Name>minimal_num_peaks</Name>
			<Value>2</Value>
		</Parameter>
		<Parameter>
			<Name>matching_error</Name>
			<Value>2.0</Value>
		</Parameter>
		<Parameter>
			<Name>num_iso_variants</Name>
			<Value>-1</Value>
		</Parameter>
	</SystemParameters>
</parameters>